1,the
2,you
3,i
4,a
5,to
6,and
7,of
8,it
9,in
10,my
11,that
12,is
13,this
14,me
15,your
16,for
17,oh
18,i'm
19,on
20,we
21,what
22,no
23,all
24,have
25,be
26,but
27,don't
28,it's
29,do
30,are
31,just
32,with
33,not
34,like
35,so
36,well
37,now
38,was
39,get
40,can
41,you're
42,know
43,homer
44,out
45,here
46,one
47,at
48,that's
49,up
50,hey
51,right
52,if
53,go
54,got
55,bart
56,he
57,how
58,our
59,about
60,there
61,i'll
62,good
63,come
64,yeah
65,see
66,will
67,they
68,want
69,marge
70,man
71,from
72,as
73,think
74,an
75,little
76,can't
77,look
78,why
79,him
80,back
81,did
82,okay
83,who
84,dad
85,some
86,us
87,time
88,when
89,gonna
90,uh
91,take
92,could
93,simpson
94,his
95,never
96,lisa
97,going
98,yes
99,we're
100,i've
101,say
102,he's
103,by
104,make
105,would
106,more
107,been
108,or
109,love
110,let's
111,really
112,there's
113,has
114,her
115,way
116,down
117,mr
118,too
119,off
120,them
121,boy
122,give
123,something
124,need
125,where
126,were
127,only
128,people
129,what's
130,then
131,over
132,tell
133,am
134,sorry
135,had
136,these
137,let
138,those
139,two
140,sure
141,didn't
142,day
143,thing
144,kids
145,please
146,wait
147,new
148,mom
149,hmm
150,should
151,she
152,first
153,ever
154,better
155,stop
156,great
157,sir
158,again
159,god
160,old
161,help
162,maybe
163,big
164,any
165,thank
166,i'd
167,into
168,home
169,life
170,even
171,they're
172,than
173,very
174,gasps
175,put
176,school
177,said
178,their
179,mean
180,work
181,show
182,you've
183,laughing
184,made
185,son
186,ooh
187,we'll
188,much
189,hello
190,because
191,huh
192,last
193,you'll
194,springfield
195,call
196,always
197,still
198,money
199,must
200,name
201,family
202,night
203,groans
204,find
205,doing
206,before
207,thought
208,won't
209,house
210,every
211,next
212,ah
213,guy
214,anything
215,thanks
216,bad
217,isn't
218,guess
219,feel
220,away
221,burns
222,three
223,d'oh
224,nothing
225,things
226,baby
227,keep
228,wow
229,years
230,nice
231,other
232,gotta
233,does
234,place
235,we've
236,world
237,both
238,real
239,after
240,mmm
241,believe
242,lot
243,best
244,guys
245,car
246,ow
247,remember
248,hear
249,own
250,long
251,dog
252,around
253,kill
254,moe
255,fun
256,whoa
257,krusty
258,another
259,may
260,stupid
261,doesn't
262,grunting
263,grunts
264,talk
265,done
266,here's
267,happy
268,today
269,singing
270,use
271,play
272,which
273,she's
274,children
275,kind
276,job
277,wrong
278,fine
279,getting
280,screams
281,everything
282,girl
283,someone
284,chuckles
285,honey
286,through
287,coming
288,eat
289,father
290,most
291,everyone
292,milhouse
293,mother
294,while
295,worry
296,many
297,screaming
298,hi
299,enough
300,looks
301,leave
302,watch
303,hell
304,listen
305,left
306,shut
307,minute
308,tonight
309,tv
310,maggie
311,simpsons
312,try
313,talking
314,turn
315,town
316,friend
317,cool
318,being
319,friends
320,beer
321,live
322,kid
323,might
324,homie
325,without
326,miss
327,flanders
328,who's
329,room
330,care
331,everybody
332,once
333,book
334,wanna
335,stay
336,seen
337,aw
338,hope
339,told
340,boys
341,free
342,head
343,um
344,such
345,used
346,ya
347,wouldn't
348,run
349,young
350,whole
351,game
352,pay
353,dead
354,pretty
355,heard
356,check
357,continues
358,start
359,tires
360,together
361,door
362,yourself
363,sweet
364,course
365,wanted
366,smithers
367,sighs
368,actually
369,woman
370,says
371,read
372,trying
373,buy
374,already
375,'em
376,wife
377,idea
378,skinner
379,beautiful
380,problem
381,dear
382,forget
383,hard
384,cheering
385,five
386,face
387,welcome
388,found
389,hot
390,gone
391,eh
392,came
393,you'd
394,called
395,groaning
396,party
397,crazy
398,happened
399,mind
400,wish
401,myself
402,food
403,anyone
404,makes
405,laughs
406,movie
407,lost
408,stuff
409,mrs
410,where's
411,die
412,making
413,same
414,TRUE
415,ned
416,since
417,'cause
418,lady
419,bring
420,cut
421,ask
422,looking
423,excuse
424,music
425,year
426,word
427,open
428,hair
429,hate
430,eyes
431,morning
432,playing
433,end
434,special
435,number
436,screeching
437,heart
438,story
439,chief
440,fat
441,tomorrow
442,hold
443,yet
444,christmas
445,shh
446,went
447,having
448,damn
449,four
450,thinking
451,funny
452,afraid
453,haven't
454,comes
455,ain't
456,win
457,finally
458,aren't
459,voice
460,lord
461,saying
462,part
463,else
464,also
465,class
466,days
467,each
468,business
469,couldn't
470,under
471,meet
472,knew
473,week
474,phone
475,ready
476,least
477,second
478,few
479,perfect
480,save
481,wasn't
482,saw
483,point
484,easy
485,bob
486,understand
487,fight
488,rock
489,took
490,power
491,taking
492,gets
493,minutes
494,fire
495,till
496,full
497,beeping
498,goes
499,until
500,change
501,move
502,bell
503,sounds
504,dinner
505,hit
506,hand
507,wants
508,bed
509,pick
510,its
511,gave
512,deal
513,supposed
514,break
515,stand
516,humming
517,ball
518,ringing
519,men
520,drink
521,daddy
522,song
523,anymore
524,uh-oh
525,grampa
526,news
527,means
528,water
529,needs
530,bart's
531,brother
532,dr
533,sleep
534,hurt
535,set
536,times
537,bar
538,million
539,ha
540,married
541,bet
542,city
543,husband
544,gasping
545,air
546,mm-hmm
547,brought
548,attention
549,quit
550,chattering
551,sit
552,hands
553,rest
554,alone
555,dream
556,whatever
557,chuckling
558,plant
559,answer
560,learn
561,matter
562,line
563,shouting
564,sound
565,enjoy
566,important
567,store
568,team
569,close
570,nelson
571,president
572,sign
573,hours
574,principal
575,kiss
576,death
577,drive
578,watching
579,side
580,anyway
581,mad
582,mine
583,apu
584,working
585,top
586,pants
587,wonderful
588,seems
589,quite
590,probably
591,birthday
592,sister
593,chance
594,test
595,trouble
596,ice
597,poor
598,crowd
599,he'll
600,late
601,clown
602,itchy
603,ago
604,country
605,dollars
606,seymour
607,secret
608,whoo-hoo
609,glad
610,box
611,case
612,ladies
613,inside
614,police
615,nobody
616,front
617,later
618,fair
619,america
620,bus
621,happen
622,shot
623,card
624,six
625,marriage
626,alive
627,throw
628,won
629,except
630,exactly
631,behind
632,eating
633,gentlemen
634,soon
635,women
636,walk
637,killed
638,american
639,telling
640,question
641,high
642,bit
643,girls
644,order
645,dance
646,shall
647,picture
648,lenny
649,parents
650,spend
651,candy
652,beat
653,ralph
654,sick
655,ho
656,butt
657,learned
658,person
659,clean
660,plan
661,lives
662,yours
663,truth
664,started
665,somebody
666,rings
667,cat
668,send
669,catch
670,write
671,against
672,murmuring
673,forever
674,knows
675,far
676,they'll
677,tree
678,child
679,good-bye
680,different
681,fish
682,doctor
683,fast
684,folks
685,almost
686,terrible
687,proud
688,snoring
689,eight
690,tried
691,war
692,favorite
693,scratchy
694,laugh
695,red
696,earth
697,sideshow
698,saved
699,barney
700,sell
701,nuclear
702,promise
703,teach
704,along
705,lucky
706,wedding
707,couple
708,it'll
709,wiggum
710,bucks
711,rich
712,blood
713,worse
714,ten
715,dogs
716,gun
717,future
718,quiet
719,throat
720,ride
721,eye
722,date
723,horn
724,kent
725,we'd
726,feeling
727,half
728,less
729,ends
730,lose
731,bought
732,living
733,moment
734,return
735,lie
736,church
737,ahead
738,bill
739,roll
740,blue
741,whistle
742,human
743,laughter
744,words
745,selma
746,pie
747,become
748,wonder
749,state
750,willie
751,body
752,outside
753,loud
754,king
755,using
756,panting
757,machine
758,small
759,smell
760,cream
761,hat
762,perhaps
763,soul
764,mouth
765,giving
766,sobbing
767,quick
768,seven
769,uh-huh
770,ohh
771,reason
772,brain
773,paper
774,whimpering
775,whoo
776,evil
777,cold
778,instead
779,office
780,excellent
781,dude
782,shouldn't
783,sweetie
784,worst
785,fired
786,monkey
787,hour
788,paid
789,wear
790,act
791,floor
792,la
793,stick
794,company
795,light
796,greatest
797,boss
798,super
799,chorus
800,street
801,sometimes
802,pass
803,yelling
804,smart
805,fault
806,join
807,safe
808,met
809,wake
810,relax
811,lousy
812,gay
813,honor
814,lunch
815,books
816,turned
817,film
818,sex
819,fact
820,takes
821,hang
822,moe's
823,anybody
824,ones
825,taken
826,lisa's
827,law
828,touch
829,either
830,aah
831,likes
832,edna
833,bag
834,seem
835,gas
836,extra
837,running
838,feet
839,applause
840,pull
841,step
842,present
843,luck
844,how's
845,reading
846,leaving
847,surprise
848,sold
849,angry
850,star
851,gasp
852,worth
853,piece
854,sad
855,unless
856,speak
857,forgot
858,bear
859,land
860,tired
861,trip
862,space
863,sugar
864,homer's
865,crap
866,problems
867,drunk
868,afford
869,blowing
870,drop
871,known
872,club
873,thinks
874,longer
875,key
876,drinking
877,table
878,english
879,cake
880,one's
881,idiot
882,shoot
883,daughter
884,between
885,kidding
886,clears
887,monster
888,yo
889,certainly
890,low
891,nose
892,calling
893,fly
894,group
895,works
896,mayor
897,evening
898,past
899,boring
900,letter
901,fall
902,radio
903,driving
904,weren't
905,cute
906,clear
907,white
908,movies
909,pop
910,teacher
911,ma'am
912,window
913,coffee
914,worked
915,growling
916,black
917,ass
918,horrible
919,martin
920,himself
921,stuck
922,happens
923,blow
924,audience
925,choice
926,though
927,loved
928,nuts
929,hurry
930,seat
931,prison
932,burn
933,gee
934,l
935,missed
936,lou
937,died
938,heaven
939,history
940,college
941,mm
942,doorbell
943,cheese
944,sort
945,wrote
946,ring
947,wearing
948,dreams
949,build
950,brockman
951,straight
952,broke
953,duff
954,art
955,announcer
956,caught
957,awesome
958,boat
959,krabappel
960,report
961,lise
962,ruined
963,starting
964,questions
965,hero
966,absolutely
967,age
968,sense
969,public
970,lesson
971,shoes
972,fresh
973,plus
974,nah
975,toilet
976,camera
977,trust
978,chair
979,gift
980,visit
981,grow
982,months
983,pain
984,milk
985,tickets
986,park
987,deserve
988,cost
989,share
990,asked
991,bird
992,dad's
993,knock
994,crying
995,meeting
996,vote
997,sea
998,glass
999,service
1000,blows
1001,swear
1002,breakfast
1003,ahh
1004,suppose
1005,safety
1006,system
1007,yea
1008,peace
1009,clothes
1010,sing
1011,somewhere
1012,court
1013,weeks
1014,pizza
1015,tough
1016,band
1017,buddy
1018,rather
1019,meat
1020,babies
1021,sent
1022,early
1023,third
1024,changed
1025,local
1026,realize
1027,meant
1028,rules
1029,chocolate
1030,patty
1031,science
1032,crime
1033,french
1034,geez
1035,waiting
1036,theme
1037,finish
1038,follow
1039,felt
1040,bowl
1041,summer
1042,blah
1043,missing
1044,field
1045,gives
1046,bite
1047,magic
1048,marry
1049,lots
1050,animals
1051,loves
1052,tongue
1053,ha-ha
1054,slow
1055,speaking
1056,ay
1057,born
1058,respect
1059,cash
1060,green
1061,cover
1062,deep
1063,comic
1064,chicken
1065,punch
1066,carl
1067,fell
1068,taste
1069,mistake
1070,seeing
1071,kick
1072,fool
1073,charge
1074,forgive
1075,weird
1076,month
1077,ate
1078,judge
1079,killing
1080,steal
1081,able
1082,moaning
1083,honking
1084,although
1085,fear
1086,solo
1087,taught
1088,wind
1089,teeth
1090,muttering
1091,student
1092,fill
1093,building
1094,they've
1095,bunch
1096,grade
1097,bottle
1098,handle
1099,exciting
1100,hundred
1101,sitting
1102,awful
1103,video
1104,control
1105,blame
1106,santa
1107,suit
1108,none
1109,center
1110,queen
1111,students
1112,entire
1113,sun
1114,raise
1115,scared
1116,today's
1117,ew
1118,names
1119,count
1120,moon
1121,dollar
1122,explain
1123,credit
1124,grand
1125,during
1126,simple
1127,note
1128,bathroom
1129,cannot
1130,jerk
1131,nine
1132,loser
1133,busy
1134,&
1135,whistling
1136,winner
1137,captain
1138,suck
1139,single
1140,hungry
1141,shirt
1142,dress
1143,trick
1144,ground
1145,price
1146,owe
1147,admit
1148,stole
1149,lis
1150,murder
1151,siren
1152,that'll
1153,jazzy
1154,list
1155,whimpers
1156,animal
1157,short
1158,santa's
1159,yep
1160,walking
1161,agree
1162,holy
1163,double
1164,wall
1165,dump
1166,road
1167,afternoon
1168,tape
1169,normal
1170,shelbyville
1171,garbage
1172,quimby
1173,bye
1174,otto
1175,record
1176,troy
1177,gold
1178,giant
1179,popular
1180,vacation
1181,broken
1182,reverend
1183,careful
1184,named
1185,prove
1186,original
1187,putting
1188,ticket
1189,congratulations
1190,joke
1191,fellow
1192,o/
1193,george
1194,paying
1195,fix
1196,seconds
1197,cry
1198,gotten
1199,shop
1200,football
1201,scoffs
1202,smoke
1203,interesting
1204,computer
1205,sunday
1206,amazing
1207,dangerous
1208,character
1209,jail
1210,pig
1211,dumb
1212,channel
1213,smells
1214,train
1215,giggling
1216,lovely
1217,feelings
1218,hole
1219,ugly
1220,interested
1221,asking
1222,joe
1223,larry
1224,sleeping
1225,totally
1226,truly
1227,hall
1228,message
1229,jazz
1230,cents
1231,serious
1232,cell
1233,romantic
1234,plays
1235,action
1236,final
1237,guy's
1238,weekend
1239,world's
1240,wailing
1241,helper
1242,biggest
1243,push
1244,fake
1245,dare
1246,bank
1247,buzzing
1248,springfield's
1249,alarm
1250,apple
1251,yells
1252,angel
1253,spent
1254,fighting
1255,shows
1256,waste
1257,wine
1258,personal
1259,fox
1260,stars
1261,treat
1262,promised
1263,squeaking
1264,given
1265,weight
1266,middle
1267,genius
1268,john
1269,baseball
1270,honest
1271,saturday
1272,innocent
1273,bowling
1274,form
1275,sucks
1276,army
1277,hide
1278,calm
1279,ugh
1280,favor
1281,race
1282,usually
1283,de
1284,passed
1285,snow
1286,spot
1287,lived
1288,abe
1289,island
1290,museum
1291,engine
1292,dark
1293,outta
1294,lead
1295,delicious
1296,keys
1297,finished
1298,uncle
1299,famous
1300,closed
1301,o
1302,following
1303,shame
1304,plane
1305,hug
1306,nothin'
1307,bible
1308,pal
1309,naked
1310,cartoon
1311,sports
1312,offer
1313,station
1314,dirty
1315,worried
1316,upon
1317,figure
1318,government
1319,stopped
1320,built
1321,tour
1322,cheap
1323,rid
1324,dancing
1325,goin'
1326,pool
1327,completely
1328,magazine
1329,''
1330,precious
1331,kissing
1332,oil
1333,created
1334,feels
1335,foot
1336,corn
1337,tony
1338,scary
1339,ways
1340,planet
1341,horse
1342,advice
1343,sandwich
1344,professor
1345,strong
1346,fit
1347,how'd
1348,strike
1349,arm
1350,sale
1351,whose
1352,god's
1353,spirit
1354,plenty
1355,photo
1356,truck
1357,father's
1358,cheer
1359,legs
1360,she'll
1361,private
1362,size
1363,listening
1364,played
1365,writing
1366,grave
1367,program
1368,decided
1369,should've
1370,stomach
1371,stacy
1372,elephant
1373,mail
1374,faster
1375,moans
1376,warm
1377,kitchen
1378,kwik-e-mart
1379,cookies
1380,poison
1381,needed
1382,upset
1383,others
1384,round
1385,paint
1386,beloved
1387,destroy
1388,blind
1389,moving
1390,neck
1391,according
1392,hasn't
1393,stealing
1394,tom
1395,starts
1396,washington
1397,calls
1398,fourth
1399,daddy's
1400,robot
1401,invented
1402,danger
1403,button
1404,games
1405,tie
1406,'
1407,ran
1408,expect
1409,smile
1410,happening
1411,juice
1412,begin
1413,dig
1414,stops
1415,season
1416,heads
1417,toy
1418,leader
1419,b
1420,possibly
1421,ourselves
1422,beauty
1423,eggs
1424,wild
1425,liked
1426,shake
1427,st
1428,lights
1429,revenge
1430,nature
1431,security
1432,language
1433,episode
1434,accent
1435,heh
1436,experience
1437,fortune
1438,zero
1439,lying
1440,gum
1441,keeping
1442,aye
1443,feed
1444,across
1445,silly
1446,hospital
1447,everywhere
1448,sauce
1449,handsome
1450,butter
1451,freedom
1452,board
1453,miracle
1454,cable
1455,goodness
1456,appreciate
1457,hibbert
1458,common
1460,media
1461,america's
1462,bread
1463,yellow
1464,code
1465,settle
1466,doin'
1467,flying
1468,leg
1469,da
1470,filled
1471,fancy
1472,bees
1473,growls
1474,everyone's
1475,ye
1476,helping
1477,cards
1478,comedy
1479,neighbor
1480,aunt
1481,nervous
1482,arms
1483,homework
1484,saving
1485,fruit
1486,mister
1487,jump
1488,wha
1489,especially
1490,year's
1491,knife
1492,he'd
1493,twice
1494,wet
1495,malibu
1496,award
1497,mother's
1498,accept
1499,north
1500,spending
1501,shouts
1502,maude
1503,man's
1504,squealing
1505,monty
1506,classic
1507,television
1508,contest
1509,officer
1510,beach
1511,girlfriend
1512,apologize
1513,jesus
1514,bigger
1515,barking
1516,cow
1517,stories
1518,snake
1519,national
1520,cars
1521,would've
1522,gem
1523,choose
1524,wondering
1525,hollywood
1526,bottom
1527,montgomery
1528,guns
1529,mary
1530,holding
1531,remind
1532,internet
1533,stink
1534,drugs
1535,buck
1536,dying
1537,miles
1538,allowed
1539,energy
1540,cruel
1541,wash
1542,aaah
1543,coughing
1544,accident
1545,complete
1546,mel
1547,notice
1548,powerful
1549,cup
1550,thousand
1551,restaurant
1552,mess
1553,pictures
1554,career
1555,rod
1556,yelps
1557,besides
1558,chittering
1559,fans
1560,ship
1561,mama
1562,pounds
1563,radioactive
1564,male
1565,rat
1566,van
1567,grab
1568,near
1569,spit
1570,elementary
1571,standing
1572,darling
1573,keeps
1574,prize
1575,mommy
1576,pleasure
1577,losers
1578,rule
1579,series
1580,adult
1581,bones
1582,glasses
1583,tight
1584,pork
1585,someday
1586,wheel
1587,became
1588,what'd
1589,looked
1590,buying
1591,yesterday
1592,doll
1593,regular
1594,clock
1595,egg
1596,license
1597,realized
1598,cops
1599,mcclure
1600,york
1601,cartoons
1602,fingers
1603,turning
1604,possible
1605,princess
1606,project
1607,commercial
1608,heck
1609,ridiculous
1610,scene
1611,learning
1612,ideas
1613,protect
1614,library
1615,invited
1616,brilliant
1617,natural
1618,trash
1619,nerd
1620,camp
1621,factory
1622,lies
1623,bless
1624,area
1625,anywhere
1626,lock
1627,devil
1628,guard
1629,cares
1630,screw
1631,letters
1632,model
1633,yay
1634,nope
1635,chinese
1636,americans
1637,capital
1638,sexy
1639,insurance
1640,finger
1641,k
1642,loving
1643,spare
1644,empty
1645,where'd
1646,tune
1647,halloween
1648,continue
1649,someone's
1650,chalmers
1651,balls
1652,violence
1653,dry
1654,freak
1655,guest
1656,pony
1657,'bout
1658,brown
1659,lazy
1660,score
1661,sky
1662,mountain
1663,pa
1664,warn
1665,festival
1666,level
1667,piano
1668,total
1669,parking
1670,saxophone
1671,cop
1672,force
1673,situation
1674,operation
1675,professional
1676,due
1677,press
1678,tip
1679,bother
1680,speech
1681,kept
1682,yard
1683,papa
1684,health
1685,turkey
1686,pretend
1687,treasure
1688,community
1689,guilty
1690,ma
1691,junk
1692,birds
1693,clearly
1694,switch
1695,opening
1696,hurts
1697,could've
1698,legal
1699,dirt
1700,rats
1701,jobs
1702,master
1703,sweetheart
1704,excited
1705,krusty's
1706,faith
1707,scream
1708,threw
1709,selling
1710,closer
1711,plastic
1712,everything's
1713,ding
1714,track
1715,d
1716,arrest
1717,brings
1718,darn
1719,heavy
1720,study
1721,bully
1722,information
1723,turns
1724,mystery
1725,jimbo
1726,covered
1727,support
1728,silence
1729,sergeant
1730,held
1731,moved
1732,whee
1733,j
1734,children's
1735,seriously
1736,electric
1737,page
1738,pet
1739,salad
1740,bone
1741,interest
1742,jack
1743,burning
1744,responsible
1745,square
1746,impossible
1747,color
1748,losing
1749,partner
1750,screech
1751,ba
1752,skin
1753,spring
1754,pink
1755,shrieks
1756,gimme
1757,allow
1758,imagine
1759,friday
1760,trapped
1761,tax
1762,Â¶
1763,son's
1764,bringing
1765,electricity
1766,steak
1767,loudly
1768,muffled
1769,whirring
1770,tea
1771,couch
1772,mood
1773,burger
1774,ray
1775,testing
1776,soup
1777,higher
1778,department
1779,certain
1780,whenever
1781,states
1782,fabulous
1783,leaves
1784,attitude
1785,whispering
1786,christian
1787,member
1788,oops
1789,roof
1790,footsteps
1791,caramba
1792,fan
1793,fellas
1794,mall
1795,pair
1796,crack
1797,goodbye
1798,poochie
1799,france
1800,falling
1801,peanut
1802,lovejoy
1803,mom's
1804,ghost
1805,panic
1806,gettin'
1807,sigh
1808,blues
1809,religion
1810,bouvier
1811,sisters
1812,surprised
1813,insane
1814,picked
1815,gross
1816,mark
1817,suckers
1818,south
1819,shopping
1820,booze
1821,explosion
1822,s
1823,thoughts
1824,desk
1825,smoking
1826,bath
1827,behold
1828,noise
1829,hanging
1830,league
1831,conversation
1832,numbers
1833,older
1834,duck
1835,hm
1836,customers
1837,further
1838,yell
1839,garage
1840,sighing
1841,hiding
1842,ocean
1843,acting
1844,taxes
1845,duty
1846,themselves
1847,bacon
1848,employee
1849,flag
1850,phony
1851,wives
1852,cause
1853,presents
1854,general
1855,rent
1856,odd
1857,cook
1858,something's
1859,success
1860,difference
1861,''i
1862,expensive
1863,pure
1864,figured
1865,tale
1866,giggles
1867,county
1868,simpson's
1869,neighborhood
1870,perfectly
1871,ours
1872,strange
1873,hoover
1874,sucker
1875,lines
1876,release
1877,underwear
1878,clicks
1879,society
1880,apart
1881,pile
1882,bike
1883,potato
1884,written
1885,match
1886,lied
1887,kinda
1888,thy
1889,stage
1890,reach
1891,solve
1892,smooth
1893,sight
1894,superintendent
1895,boo
1896,load
1897,prepare
1898,illegal
1899,lay
1900,meaning
1901,buried
1902,network
1903,helen
1904,math
1905,noticed
1906,orange
1907,sport
1908,witch
1909,woo-hoo
1910,ears
1911,hearing
1912,sniffing
1913,chop
1914,hip
1915,shoe
1916,planning
1917,above
1918,wise
1919,escape
1920,chewing
1921,bridge
1922,hired
1923,winning
1924,drug
1925,hadn't
1926,beans
1927,split
1928,rocks
1929,clamoring
1930,organ
1931,frank
1932,parade
1933,bat
1934,issue
1935,celebrate
1936,tiny
1937,chapter
1938,happiness
1939,lonely
1940,penny
1941,pack
1942,places
1943,practice
1944,closet
1945,chomping
1946,education
1947,female
1948,gym
1949,detention
1950,tells
1951,killer
1952,serve
1953,belches
1954,disco
1955,stolen
1956,neither
1957,chanting
1958,grease
1959,consider
1960,driver
1961,crash
1962,rumbling
1963,coughs
1964,reminds
1965,healthy
1966,bomb
1967,they'd
1968,harder
1969,brothers
1970,inspector
1971,england
1972,forward
1973,c
1974,cleaning
1975,map
1976,spy
1977,spread
1978,narrator
1979,subject
1980,tall
1981,evidence
1982,search
1983,traffic
1984,definitely
1985,merry
1986,ballet
1987,breaking
1988,collection
1989,reward
1990,teachers
1991,scare
1992,entertainment
1993,wwwopensubtitlesorg
1994,yourselves
1995,anniversary
1996,prepared
1997,beef
1998,ad
1999,eww
2000,rubber
2001,schools
2002,bye-bye
2003,metal
2004,itself
2005,hearts
2006,failed
2007,mighty
2008,brains
2009,colonel
2010,major
2011,blaring
2012,onto
2013,powers
2014,ear
2015,alcohol
2016,indeed
2017,social
2018,pills
2019,lately
2020,gambling
2021,answers
2022,pipe
2023,bullies
2024,thee
2025,you|
2026,lookin'
2027,blimp
2028,cookie
2029,costume
2030,plow
2031,pardon
2032,manager
2033,blew
2034,robots
2035,i-i
2036,tub
2037,trade
2038,memory
2039,assistant
2040,unfortunately
2041,battle
2042,steve
2043,carry
2044,cats
2045,attack
2046,lame
2047,asleep
2048,knocking
2049,enter
2050,theater
2051,todd
2052,sticks
2053,chosen
2054,woods
2055,basketball
2056,boxes
2057,johnny
2058,training
2059,belt
2060,bush
2061,cigarettes
2062,lawn
2063,david
2064,several
2065,dessert
2066,speed
2067,british
2068,lurleen
2069,successful
2070,reached
2071,brakes
2072,weak
2073,transcript
2074,runs
2075,prank
2076,apartment
2077,name's
2078,player
2079,boyfriend
2080,simply
2081,peanuts
2082,growing
2083,dings
2084,mate
2085,value
2086,medicine
2087,lottery
2088,beating
2089,sector
2090,doughnuts
2091,often
2092,invite
2093,cap
2094,monday
2095,weather
2096,flight
2097,irish
2098,liquor
2099,plate
2100,version
2101,discuss
2102,heat
2103,row
2104,soft
2105,river
2106,people's
2107,mcbain
2108,fail
2109,wheels
2110,express
2111,decent
2112,eve
2113,talkin'
2114,slurping
2115,bust
2116,hotel
2117,nurse
2118,grumbling
2119,doubt
2120,locked
2121,golden
2122,toys
2123,ancient
2124,lemon
2125,foreign
2126,faces
2127,secrets
2128,medical
2129,rights
2130,doc
2131,lake
2132,sometime
2133,post
2134,murdered
2135,amen
2136,al
2137,tastes
2138,add
2139,behavior
2140,percent
2141,main
2142,whip
2143,beginning
2144,usa
2145,latest
2146,march
2147,correct
2148,memories
2149,wave
2150,lower
2151,peach
2152,skinner's
2153,exclaiming
2154,property
2155,decision
2156,gosh
2157,regret
2158,meal
2159,throwing
2160,doomed
2161,within
2162,minds
2163,cast
2164,awfully
2165,emergency
2166,draw
2167,straining
2168,m
2169,grandma
2170,fifth
2171,german
2172,block
2173,brave
2174,tooth
2175,nap
2176,skip
2177,item
2178,bears
2179,pathetic
2180,somehow
2181,remain
2182,mob
2183,rocket
2184,shower
2185,japanese
2186,slams
2187,gulping
2188,monkeys
2189,solution
2190,willing
2191,whale
2192,quickly
2193,warning
2194,mention
2195,led
2196,aha
2197,large
2198,among
2199,dating
2200,twins
2201,based
2202,groan
2203,arr
2204,moron
2205,kid's
2206,rescue
2207,gulps
2208,tear
2209,points
2210,easier
2211,dreamed
2212,enemy
2213,borrow
2214,millions
2215,customer
2216,clicking
2217,pumpkin
2218,difficult
2219,basement
2220,criminal
2221,jury
2222,justice
2223,mouse
2224,former
2225,begins
2226,agreed
2227,toast
2228,laundry
2229,teaching
2230,tied
2231,puzzle
2232,roger
2233,songs
2234,marge's
2235,hardly
2236,statue
2237,clever
2238,bored
2239,funeral
2240,sinister
2241,thousands
2242,charity
2243,embarrassing
2244,prefer
2245,chips
2246,rain
2247,alley
2248,lifetime
2249,aside
2250,prince
2251,guts
2252,zone
2253,finding
2254,forest
2255,tavern
2256,enjoying
2257,huge
2258,modern
2259,teddy
2260,relationship
2261,hook
2262,tears
2263,breath
2264,destroyed
2265,choking
2266,discovered
2267,charlie
2268,ii
2269,touched
2270,jokes
2271,seemed
2272,opened
2273,exercise
2274,address
2275,monsters
2276,belly
2277,lips
2278,ham
2279,vampire
2280,birth
2281,banana
2282,curse
2283,letting
2284,challenge
2285,flavor
2286,gunshot
2287,exclaims
2288,suggest
2289,crush
2290,rage
2291,average
2292,example
2293,shock
2294,records
2295,jar
2296,pour
2297,whoops
2298,forced
2299,hilarious
2300,drove
2301,lemonade
2302,e
2303,bald
2304,comin'
2305,budget
2306,sniffs
2307,players
2308,screwed
2309,r
2310,concert
2311,flowers
2312,united
2313,fanfare
2314,champagne
2315,changes
2316,cruise
2317,sack
2318,pregnant
2319,knowing
2320,picking
2321,grandpa
2322,bills
2323,chain
2324,airport
2325,changing
2326,fallen
2327,fella
2328,nicely
2329,comfortable
2330,whoever
2331,boy's
2332,nobody's
2333,breathe
2334,mission
2335,earned
2336,imitating
2337,shooting
2338,syrup
2339,hits
2340,dropped
2341,ruin
2342,neighbors
2343,stinks
2344,eaten
2345,buzz
2346,diet
2347,stampy
2348,nerds
2349,pulled
2350,shine
2351,reality
2352,paul
2353,hoping
2354,sync
2355,films
2356,remembered
2357,whistles
2358,hereby
2359,don
2360,opens
2361,workers
2362,ultimate
2363,showed
2364,sentence
2365,pen
2366,somebody's
2367,talked
2368,ashamed
2369,bow
2370,homer|
2371,surgery
2372,subtitles
2373,richard
2374,cross
2375,tone
2376,old-fashioned
2377,decide
2378,quietly
2379,union
2380,spell
2381,mud
2382,beats
2383,wife's
2384,kicking
2385,slowly
2386,hissing
2387,bucket
2388,introduce
2389,babe
2390,pressure
2391,wasted
2392,toss
2393,caused
2394,solid
2395,cousin
2396,stone
2397,yawns
2398,billy
2399,t-shirt
2400,herb
2401,surely
2402,fantastic
2403,duh
2404,dressed
2405,staying
2406,painting
2407,everyman
2408,finest
2409,condition
2410,artist
2411,bloody
2412,copy
2413,burglar
2414,romance
2415,somethin'
2416,setting
2417,view
2418,whooping
2419,hutz
2420,trial
2421,glue
2422,there'll
2423,bingo
2424,staring
2425,freeze
2426,coat
2427,dvd
2428,winter
2429,filthy
2430,slide
2431,product
2432,indian
2433,worker
2434,backwards
2435,brand
2436,farm
2437,rough
2438,soccer
2439,aww
2440,flaming
2441,guide
2442,stranger
2443,jimmy
2444,bleeding
2445,idiots
2446,grades
2447,east
2448,artie
2449,travel
2450,plans
2451,apology
2452,annual
2453,valuable
2454,doughnut
2455,wars
2456,bars
2457,gagging
2458,sending
2459,wiener
2460,trap
2461,gang
2462,ordered
2463,robbed
2464,pride
2465,dignity
2466,frozen
2467,chest
2468,texas
2469,gotcha
2470,awards
2471,creature
2472,punk
2473,title
2474,snack
2475,highly
2476,flower
2477,blast
2478,midnight
2479,type
2480,hidden
2481,anger
2482,punish
2483,talent
2484,seats
2485,golf
2486,immediately
2487,west
2488,advantage
2489,cabin
2490,punishment
2491,characters
2492,motor
2493,pee
2494,maggie's
2495,dave
2496,drill
2497,hippie
2498,painted
2499,moments
2500,tiger
2501,kinds
2502,opportunity
2503,mysterious
2504,usual
2505,repeat
2506,suspect
2507,exchange
2508,checks
2509,indistinct
2510,newspaper
2511,howling
2512,silver
2513,drawing
2514,groundskeeper
2515,holiday
2516,folk
2517,squeeze
2518,f
2519,barn
2520,concerned
2521,vehicle
2522,wagon
2523,guitar
2524,jacket
2525,suddenly
2526,event
2527,macgyver
2528,kicked
2529,drinks
2530,beeps
2531,shorts
2532,happier
2533,dial
2534,everybody's
2535,scratch
2536,rope
2537,adults
2538,prom
2539,closes
2540,alien
2541,quarter
2542,sucking
2543,deer
2544,corner
2545,sees
2546,snakes
2547,friendship
2548,oy
2549,apples
2550,whether
2551,noises
2552,james
2553,belong
2554,mike
2555,survive
2556,joy
2557,swing
2558,sin
2559,socks
2560,agent
2561,account
2562,canada
2563,snap
2564,applauding
2565,lick
2566,fence
2567,gentle
2568,downtown
2569,grumbles
2570,ol'
2571,nick
2572,junior
2573,shoo
2574,wee
2575,mix
2576,rare
2577,hire
2578,squeal
2579,smash
2580,contact
2581,vegetables
2582,tattoo
2583,strength
2584,jerks
2585,showing
2586,chick
2587,smiling
2588,watched
2589,celebrity
2590,shrimp
2591,duffman
2592,charles
2593,girl's
2594,kitty
2595,raceman
2596,dust
2597,quality
2598,dudes
2599,arts
2600,magical
2601,voices
2602,adorable
2603,nearly
2604,site
2605,delightful
2606,michaeljackson
2607,heading
2608,however
2609,file
2610,celebrities
2611,jebediah
2612,tank
2613,lincoln
2614,bug
2615,dang
2616,rusty
2617,aboard
2618,bells
2619,sake
2620,civil
2621,whew
2622,jealous
2623,disease
2624,bedroom
2625,labor
2626,honks
2627,chew
2628,earn
2629,rotten
2630,remove
2631,streets
2632,angels
2633,greetings
2634,hated
2635,defense
2636,strawberry
2637,hail
2638,''the
2639,bubble
2640,musical
2641,position
2642,friendly
2643,'tis
2644,dish
2645,impressed
2646,religious
2647,election
2648,delivery
2649,barely
2650,including
2651,forth
2652,replace
2653,climb
2654,pity
2655,yale
2656,risk
2657,pocket
2658,violent
2659,burned
2660,picnic
2661,nightmare
2662,cutting
2663,provide
2664,returned
2665,lamb
2666,pound
2667,therapy
2668,basket
2669,kisses
2670,obvious
2671,noble
2672,followed
2673,rub
2674,bum
2675,casino
2676,deadly
2677,liar
2678,neat
2679,avoid
2680,vision
2681,chuckle
2682,helicopter
2683,crappy
2684,shape
2685,hunting
2686,howdy
2687,riding
2688,spray
2689,oven
2690,liberty
2691,trees
2692,burns's
2693,mount
2694,receive
2695,pillow
2696,chicks
2697,holidays
2698,laws
2699,diamond
2700,tonight's
2701,sneak
2702,planned
2703,stands
2704,ended
2705,style
2706,market
2707,loose
2708,burns'
2709,results
2710,pro
2711,electrical
2712,carnival
2713,cuts
2714,coach
2715,imagination
2716,this'll
2717,owner
2718,host
2719,hopeless
2720,belongs
2721,happiest
2722,physical
2723,wolf
2724,cecil
2725,failure
2726,yup
2727,bastard
2728,school's
2729,hush
2730,stamp
2731,sand
2732,lad
2733,savings
2734,must've
2735,hop
2736,crackling
2737,ketchup
2738,scam
2739,suffering
2740,tap
2741,shadow
2742,governor
2743,grant
2744,hates
2745,supply
2746,abraham
2747,doors
2748,bags
2749,circle
2750,chug
2751,slap
2752,believed
2753,shirts
2754,below
2755,paradise
2756,obviously
2757,rice
2758,stock
2759,cracks
2760,fries
2761,slice
2762,chops
2763,babysitter
2764,fraud
2765,prices
2766,material
2767,who'd
2768,bake
2769,complain
2770,cheating
2771,kirk
2772,balloon
2773,why'd
2774,surrender
2775,twin
2776,walls
2777,forgotten
2778,barbecue
2779,progress
2780,cherry
2781,research
2782,ja
2783,dip
2784,nonsense
2785,rise
2786,hideous
2787,bright
2788,familiar
2789,opinion
2790,demand
2791,y
2792,tim
2793,fireworks
2794,wire
2795,synchro
2796,windows
2797,damage
2798,mental
2799,china
2800,steady
2801,mixed
2802,skull
2803,lift
2804,sparkle
2805,hobo
2806,reporter
2807,available
2808,slip
2809,baby's
2810,crew
2811,thud
2812,ought
2813,citizens
2814,el
2815,clancy
2816,wide
2817,electronic
2818,puppies
2819,pieces
2820,helped
2821,corpse
2822,ireland
2823,show's
2824,upstairs
2825,studio
2826,bury
2827,meow
2828,incredible
2829,michael
2830,herself
2831,gray
2832,received
2833,italian
2834,cancel
2835,nothing's
2836,patch
2837,wherever
2838,corporation
2839,grunt
2840,rabbit
2841,announce
2842,jewish
2843,stuffed
2844,g
2845,steel
2846,it|
2847,register
2848,permission
2849,debt
2850,comics
2851,vocalizing
2852,guards
2853,political
2854,members
2855,spanish
2856,wore
2857,snowball
2858,pleasant
2859,tube
2860,mercy
2861,owns
2862,confused
2863,booing
2864,iron
2865,finds
2866,role
2867,academy
2868,smarter
2869,pot
2870,wood
2871,ending
2872,earlier
2873,cracking
2874,becoming
2875,lawyer
2876,likely
2877,bee
2878,declare
2879,thou
2880,fishing
2881,terrace
2882,bid
2883,colors
2884,moral
2885,screen
2886,federal
2887,knocked
2888,falls
2889,roses
2890,dean
2891,parties
2892,dog's
2893,grew
2894,garden
2895,rattling
2896,calendar
2897,thumb
2898,eddie
2899,loaded
2900,cheated
2901,awake
2902,canceled
2903,crisis
2904,pleased
2905,sacred
2906,mild
2907,pole
2908,shove
2909,annoying
2910,bunny
2911,pin
2912,competition
2913,approaching
2914,vegas
2915,grown
2916,fairy
2917,hose
2918,hawaii
2919,prime
2920,sock
2921,manjula
2922,parent
2923,access
2924,beers
2925,grampa's
2926,heroes
2927,marvin
2928,gibberish
2929,bond
2930,wayne
2931,term
2932,que
2933,max
2934,served
2935,horns
2936,gums
2937,divorce
2938,ho-hi
2939,employees
2940,meals
2941,rapture
2942,ape
2943,monorail
2944,schedule
2945,normally
2946,actor
2947,tricks
2948,lessons
2949,pray
2950,tire
2951,minus
2952,offense
2953,abandoned
2954,twisted
2955,century
2956,brunch
2957,fallout
2958,costs
2959,silent
2960,products
2961,assure
2962,coast
2963,military
2964,thanksgiving
2965,perform
2966,theory
2967,chloe
2968,witness
2969,cocktail
2970,daughter's
2971,microwave
2972,man|
2973,gentleman
2974,sweat
2975,stanley
2976,gil
2977,nickel
2978,nation
2979,bride
2980,drag
2981,retirement
2982,fires
2983,boogie
2984,hundreds
2985,comet
2986,cage
2987,vey
2988,prayer
2989,rip
2990,beyond
2991,ohhh
2992,boom
2993,contract
2994,equipment
2995,p
2996,performance
2997,landing
2998,x
2999,buttons
3000,riot
3001,began
3002,booth
3003,jam
3004,rude
3005,enemies
3006,roaring
3007,wipe
3008,headed
3009,dame
3010,cans
3011,soda
3012,imitates
3013,oscar
3014,period
3015,backyard
3016,cameras
3017,wasting
3018,pudding
3019,sexual
3020,lion
3021,mistakes
3022,signed
3023,sdi
3024,lab
3025,machines
3026,corrected
3027,storm
3028,seal
3029,hills
3030,claim
3031,fate
3032,enjoyed
3033,acid
3034,beaten
3035,orchestra
3036,application
3037,dishes
3038,kissed
3039,loss
3040,useless
3041,items
3042,agreement
3043,appears
3044,glory
3045,exist
3046,raised
3047,joined
3048,matters
3049,humans
3050,stu
3051,tail
3052,policy
3053,float
3054,fantasy
3055,fever
3056,dies
3057,snarling
3058,beep
3059,tennis
3060,woke
3061,frankly
3062,accepted
3063,photos
3064,pinch
3065,package
3066,unlike
3067,assume
3068,pitch
3069,purchase
3070,valentine's
3071,disappointed
3072,merely
3073,slept
3074,otherwise
3075,recipe
3076,interrupt
3077,crashing
3078,mint
3079,knees
3080,FALSE
3081,sat
3082,official
3083,cackling
3084,april
3085,paris
3086,breathing
3087,lobster
3088,superman
3089,ach
3090,sounded
3091,jeez
3092,deliver
3093,edison
3094,town's
3095,legend
3096,h
3097,daily
3098,effects
3099,range
3100,bail
3101,kidney
3102,childhood
3103,washing
3104,clue
3105,pump
3106,swimming
3107,foolish
3108,checked
3109,championship
3110,plain
3111,drew
3112,y'all
3113,wax
3114,sax
3115,superior
3116,generation
3117,bang
3118,drunken
3119,towards
3120,impressive
3121,cure
3122,writers
3123,blown
3124,families
3125,slipped
3126,a's
3127,chamber
3128,executive
3129,sputtering
3130,courage
3131,luann
3132,path
3133,appear
3134,holds
3135,lane
3136,speaker
3137,supplies
3138,gravy
3139,someplace
3140,horses
3141,bobbins
3142,cheat
3143,evergreen
3144,mm-mmm
3145,moves
3146,director
3147,novelty
3148,counts
3149,seek
3150,isotopes
3151,sour
3152,battery
3153,desperate
3154,sue
3155,cannon
3156,humor
3157,circus
3158,magazines
3159,per
3160,chirping
3161,bravo
3162,international
3163,t
3164,shary
3165,sensitive
3166,passes
3167,glove
3168,bump
3169,becomes
3170,native
3171,worthless
3172,weapon
3173,sober
3174,underpants
3175,skills
3176,olympics
3177,charged
3178,commercials
3179,separate
3180,instrumental
3181,construction
3182,uh-uh
3183,dime
3184,sleepy
3185,chip
3186,opera
3187,roosevelt
3188,wins
3189,root
3190,hats
3191,satan
3192,backup
3193,damned
3194,unit
3195,chimes
3196,shoulder
3197,rap
3198,cloud
3199,liver
3200,carefully
3201,frame
3202,commit
3203,thomas
3204,nowhere
3205,'t
3206,dolphins
3207,orders
3208,claus
3209,andy
3210,treatment
3211,stress
3212,actual
3213,brand-new
3214,adventure
3215,banner
3216,cereal
3217,log
3218,twist
3219,album
3220,cue
3221,walked
3222,unfair
3223,destruction
3224,cletus
3225,selfish
3226,web
3227,rag
3228,job22
3229,brazil
3230,ceiling
3231,wallet
3232,current
3233,whack
3234,navy
3235,chase
3236,telephone
3237,beg
3238,softball
3239,sheep
3240,apparently
3241,pins
3242,sidekick
3243,stays
3244,skeleton
3245,thunder
3246,resist
3247,sweater
3248,mirror
3249,week's
3250,embarrassed
3251,intelligence
3252,foam
3253,pilot
3254,chairs
3255,zaius
3256,nor
3257,charm
3258,announcement
3259,castle
3260,pit
3261,noah
3262,menu
3263,pulling
3264,kids'
3265,amusement
3266,pencil
3267,alaska
3268,direct
3269,waylon
3270,crummy
3271,voted
3272,fart
3273,ted
3274,invention
3275,makeup
3276,purpose
3277,mutters
3278,kidnapped
3279,dates
3280,desert
3281,olympic
3282,stadium
3283,request
3284,ants
3285,reasons
3286,sniffles
3287,sandwiches
3288,brief
3289,flash
3290,billionaire
3291,family's
3292,louder
3293,delighted
3294,spider
3295,gurgling
3296,hockey
3297,whom
3298,farewell
3299,warned
3300,loan
3301,hurting
3302,dental
3303,bea
3304,benefit
3305,gag
3306,jerky
3307,tests
3308,stunt
3309,squawking
3310,bull
3311,sooner
3312,designed
3313,hamster
3314,cared
3315,choke
3316,design
3317,heavens
3318,thursday
3319,hammer
3320,marvelous
3321,create
3322,spin
3323,ms
3324,dad|
3325,frink
3326,majesty
3327,recycling
3328,whining
3329,karate
3330,eats
3331,financial
3332,bullet
3333,tradition
3334,hitting
3335,rush
3336,chatter
3337,bedtime
3338,beast
3339,sharp
3340,hugh
3341,'60s
3342,creative
3343,sink
3344,southern
3345,universe
3346,louis
3347,banned
3348,zoo
3349,id
3350,lighten
3351,tag
3352,boobs
3353,badly
3354,bottles
3355,aware
3356,sherman
3357,thin
3358,estate
3359,fried
3360,nervously
3361,gorge
3362,opposite
3363,jacques
3364,stores
3365,cheers
3366,represent
3367,miserable
3368,process
3369,bartender
3370,soap
3371,wrapped
3372,expression
3373,outfit
3374,sobs
3375,mumbling
3376,cigarette
3377,boxing
3378,cone
3379,snuggle
3380,kearney
3381,replaced
3382,creepy
3383,signs
3384,puppy
3385,burps
3386,suicide
3387,guests
3388,arrived
3389,discount
3390,entirely
3391,sheet
3392,clearing
3393,considered
3394,neddy
3395,digging
3396,tuck
3397,proof
3398,australia
3399,badge
3400,wing
3401,shelter
3402,anytime
3403,murmurs
3404,cupcakes
3405,crushed
3406,sticky
3407,foul
3408,ron
3409,cafeteria
3410,clinton
3411,expecting
3412,click
3413,solved
3414,parked
3415,denver
3416,adil
3417,lack
3418,poop
3419,basic
3420,harm
3421,swallow
3422,jones
3423,firing
3424,entitled
3425,brush
3426,babbling
3427,vice
3428,artists
3429,dummy
3430,congress
3431,core
3432,youth
3433,worship
3434,granted
3435,rolling
3436,tuesday
3437,nelson's
3438,sucked
3439,global
3440,dna
3441,tatum
3442,excitement
3443,district
3444,trunk
3445,warren
3446,command
3447,disgusting
3448,hill
3449,maniac
3450,baron
3451,responsibility
3452,mars
3453,marty
3454,trained
3455,splashmore
3456,simon
3457,arrested
3458,gate
3459,supervisor
3460,classy
3461,grandfather
3462,failing
3463,recall
3464,environment
3465,muntz
3466,motion
3467,henry
3468,lounge
3469,gumble
3470,generous
3471,wicked
3472,convention
3473,salt
3474,feast
3475,sirens
3476,incident
3477,poem
3478,thunderclap
3479,pickle
3480,nest
3481,pops
3482,thirsty
3483,hitler
3484,crawl
3485,wednesday
3486,village
3487,conference
3488,jell-o
3489,western
3490,puts
3491,laid
3492,towel
3493,chose
3494,collect
3495,horror
3496,monroe
3497,parts
3498,me|
3499,robert
3500,echoing
3501,needle
3502,monitor
3503,newspapers
3504,mexico
3505,carrying
3506,insist
3507,minister
3508,vest
3509,peter
3510,cola
3511,wealthy
3512,hiya
3513,string
3514,toes
3515,salary
3516,remains
3517,virus
3518,buffalo
3519,online
3520,slave
3521,cooking
3522,champion
3523,meltdown
3524,catholic
3525,victory
3526,praise
3527,ed
3528,dining
3529,bob's
3530,concentrate
3531,route
3532,triple
3533,guilt
3534,wreck
3535,mt
3536,highest
3537,entertain
3538,poetry
3539,spits
3540,stayed
3541,gifts
3542,closing
3543,understanding
3544,tomato
3545,cleaned
3546,wings
3547,vacuum
3548,gather
3549,mindy
3550,wig
3551,thief
3552,stroke
3553,'n'
3554,trophy
3555,pounding
3556,purse
3557,husband's
3558,sacrifice
3559,returning
3560,washed
3561,prayers
3562,fixed
3563,image
3564,grace
3565,legally
3566,purple
3567,attempt
3568,passengers
3569,focus
3570,orleans
3571,lee
3572,technically
3573,monument
3574,computers
3575,spirits
3576,article
3577,helps
3578,gary
3579,grass
3580,hell's
3581,narrating
3582,massage
3583,steps
3584,doctors
3585,fudge
3586,attractive
3587,crossword
3588,stood
3589,burgers
3590,starring
3591,fits
3592,honeymoon
3593,biting
3594,rex
3595,oldest
3596,undercover
3597,polite
3598,nails
3599,fools
3600,troll
3601,racket
3602,apply
3603,cubes
3604,freddy
3605,madness
3606,high-pitched
3607,happily
3608,breaks
3609,potatoes
3610,pill
3611,twelve
3612,disturbing
3613,brad
3614,recommend
3615,popcorn
3616,spoon
3617,lowest
3618,vegetarian
3619,skipped
3620,raspberry
3621,deserves
3622,routine
3623,involved
3624,laddie
3625,murphy
3626,ahoy
3627,explode
3628,tools
3629,cube
3630,fame
3631,pageant
3632,relief
3633,loyal
3634,chili
3635,not|
3636,exact
3637,rabbi
3638,knee
3639,influence
3640,recent
3641,radiation
3642,nail
3643,dropping
3644,ex
3645,hiccups
3646,tv's
3647,sister's
3648,curly
3649,disaster
3650,shack
3651,bullets
3652,pointing
3653,bikes
3654,swallowed
3655,sir|
3656,warming
3657,forbidden
3658,ba-ba
3659,un
3660,hamburger
3661,goo
3662,confession
3663,supreme
3664,helpful
3665,shudders
3666,noon
3667,cakes
3668,palace
3669,forgetting
3670,blanket
3671,europe
3672,creaking
3673,bonnie
3674,harvard
3675,sting
3676,cuckoo
3677,jim
3678,suspicious
3679,nut
3680,checking
3681,freaks
3682,straighten
3683,thrill
3684,kicks
3685,patient
3686,section
3687,authority
3688,lance
3689,coincidence
3690,{yi}singing
3691,pages
3692,eclipse
3693,scores
3694,swim
3695,tragic
3696,scar
3697,standard
3698,millionaire
3699,dome
3700,jay
3701,tool
3702,queer
3703,notes
3704,settled
3705,typical
3706,victim
3707,bitch
3708,taco
3709,appearance
3710,martin's
3711,nature's
3712,judging
3713,motel
3714,cries
3715,snacks
3716,stammering
3717,soy
3718,clowns
3719,rate
3720,lawyers
3721,retired
3722,lenny's
3723,economy
3724,drank
3725,featuring
3726,nanny
3727,loaf
3728,waited
3729,darryl
3730,roots
3731,behave
3732,treated
3733,crank
3734,flies
3735,fifty
3736,activity
3737,safely
3738,rooms
3739,glorious
3740,footage
3741,citizen
3742,suspended
3743,journey
3744,russian
3745,pancakes
3746,ivory
3747,flesh
3748,proposition
3749,sincerely
3750,grapes
3751,knight
3752,filling
3753,newest
3754,mustard
3755,hunt
3756,cheech
3757,tasty
3758,eveybody
3759,vampires
3760,weapons
3761,goat
3762,howard
3763,quarters
3764,liquid
3765,knowledge
3766,gutter
3767,immigrants
3768,ignore
3769,passion
3770,confidence
3771,wears
3772,pushing
3773,practically
3774,fee
3775,filth
3776,personally
3777,luckily
3778,betty
3779,wrap
3780,breeze
3781,fought
3782,bachelor
3783,combination
3784,so-called
3785,balance
3786,essay
3787,nights
3788,psst
3789,programming
3790,troubled
3791,butts
3792,coins
3793,net
3794,houten
3795,deeply
3796,szyslak
3797,pronounce
3798,defend
3799,campaign
3800,complaining
3801,puke
3802,locker
3803,punching
3804,production
3805,spoken
3806,infernal
3807,inner
3808,ruining
3809,bailey
3810,beard
3811,mexican
3812,halfway
3813,pushed
3814,winners
3815,increase
3816,forms
3817,problemo
3818,pigs
3819,jet
3820,it'd
3821,sausage
3822,eternal
3823,session
3824,billion
3825,rainbow
3826,clattering
3827,fashion
3828,attempted
3829,chef
3830,commissioner
3831,captured
3832,angrily
3833,ogdenville
3834,7-g
3835,teacher's
3836,joint
3837,tapping
3838,applesauce
3839,mortgage
3840,chong
3841,pretzels
3842,easily
3843,necessary
3844,gummi
3845,surface
3846,satellite
3847,text
3848,pretending
3849,vance
3850,fridge
3851,burst
3852,gunfire
3853,pies
3854,tying
3855,university
3856,jessica
3857,california
3858,arranged
3859,towels
3860,bart|
3861,writer
3862,script
3863,softly
3864,stripes
3865,thick
3866,portrait
3867,buzzes
3868,topic
3869,couples
3870,vicious
3871,appetite
3872,ken
3873,robbery
3874,impress
3875,ashes
3876,experienced
3877,orphanage
3878,explanation
3879,trumpets
3880,oughta
3881,stab
3882,girls'
3883,vodka
3884,expected
3885,groin
3886,poke
3887,scoop
3888,counting
3889,squirt
3890,homemade
3891,pockets
3892,principal's
3893,sweetest
3894,charges
3895,require
3896,skinny
3897,fur
3898,bothering
3899,marrying
3900,virgil
3901,hip-hop
3902,cracker
3903,greater
3904,haircut
3905,avenue
3906,hung
3907,husbands
3908,braces
3909,worms
3910,activities
3911,embarrass
3912,thrown
3913,maya
3914,fatty
3915,desire
3916,painful
3917,sketch
3918,serving
3919,arnie
3920,closest
3921,pm
3922,spine
3923,trail
3924,dictionary
3925,bicycle
3926,recognize
3927,ambulance
3928,distance
3929,shakes
3930,microphone
3931,honored
3932,sec
3933,celebrating
3934,shuddering
3935,sarah
3936,stinking
3937,rob
3938,joining
3939,response
3940,versus
3941,hog
3942,neddie
3943,source
3944,aisle
3945,council
3946,caring
3947,william
3948,eliza
3949,creatures
3950,baloney
3951,particular
3952,ralphie
3953,mattress
3954,papers
3955,bonus
3956,broadcast
3957,taylor
3958,else's
3959,threat
3960,awkward
3961,asks
3962,refrigerator
3963,busted
3964,roller
3965,stickers
3966,yoink
3967,na
3968,payment
3969,bounty
3970,waters
3971,murderer
3972,chill
3973,lionel
3974,harsh
3975,erotic
3976,shown
3977,dinosaurs
3978,eventually
3979,flanders'
3980,elves
3981,prohibition
3982,suffer
3983,men's
3984,urge
3985,outstanding
3986,ceremony
3987,chat
3988,pranks
3989,deed
3990,uhh
3991,maze
3992,other's
3993,waverly
3994,shave
3995,punks
3996,ford
3997,chortling
3998,she'd
3999,mustache
4000,walks
4001,signal
4002,necklace
4003,defeat
4004,anyhoo
4005,sushi
4006,frosting
4007,tries
4008,direction
4009,directions
4010,homes
4011,facts
4012,hooked
4013,milhouse's
4014,stretch
4015,trumpeting
4016,frightened
4017,money's
4018,therefore
4019,franchise
4020,inventor
4021,shortcut
4022,franklin
4023,los
4024,upbeat
4025,what'll
4026,armed
4027,reporting
4028,exit
4029,ducks
4030,juliet
4031,timmy
4032,hulk
4033,culture
4034,remote
4035,ironic
4036,inspired
4037,herman
4038,fatso
4039,t-shirts
4040,dynamite
4041,cooties
4042,priceless
4043,committee
4044,bergstrom
4045,commission
4046,dive
4047,hut
4048,donut
4049,madam
4050,haw
4051,smith
4052,torture
4053,blonde
4054,banging
4055,younger
4056,cave
4057,jumping
4058,sponge
4059,substitute
4060,bathing
4061,encourage
4062,woman's
4063,hooting
4064,odds
4065,popularity
4066,twenty
4067,nagging
4068,occasion
4069,cotton
4070,haunted
4071,mere
4072,gabbo
4073,gig
4074,novel
4075,perfume
4076,soldier
4077,privacy
4078,holes
4079,off|
4080,batman
4081,sneaking
4082,jelly
4083,drum
4084,mask
4085,voyage
4086,hounds
4087,procedure
4088,barley
4089,spill
4090,discussion
4091,crunching
4092,pretzel
4093,merchandise
4094,improve
4095,complex
4096,frisbee
4097,events
4098,drawer
4099,dough
4100,angelica
4101,bold
4102,frosty
4103,gut
4104,previous
4105,chuck
4106,bites
4107,gently
4108,poker
4109,san
4110,becky
4111,einstein
4112,con
4113,gorilla
4114,escaped
4115,bound
4116,ballad
4117,freezer
4118,heroic
4119,extreme
4120,ticking
4121,gathered
4122,yak
4123,broadway
4124,melody
4125,scheme
4126,wisdom
4127,here|
4128,flame
4129,permanent
4130,era
4131,hunk
4132,industry
4133,workin'
4134,cured
4135,y'ello
4136,blessed
4137,bobo
4138,freakin'
4139,zap
4140,producers
4141,replacement
4142,effort
4143,betrayed
4144,swings
4145,conditioner
4146,dealer
4147,autograph
4148,screeches
4149,fooling
4150,doggie
4151,arthur
4152,gore
4153,review
4154,dan
4155,time's
4156,pirate
4157,tragedy
4158,indians
4159,buddies
4160,jerry
4161,dork
4162,selected
4163,ehh
4164,clouds
4165,burnsie
4166,goliath
4167,flush
4168,le
4169,florida
4170,mentioned
4171,steam
4172,humanity
4173,radical
4174,jingle
4175,flat
4176,bands
4177,confess
4178,volunteer
4179,author
4180,lover
4181,dumped
4182,amount
4183,whines
4184,ankle
4185,scientific
4186,creating
4187,kang
4188,martha
4189,plates
4190,cemetery
4191,suggestions
4192,cows
4193,curious
4194,myers
4195,base
4196,mmm-hmm
4197,bodies
4198,melon
4199,thing's
4200,caller
4201,dot
4202,pete
4203,touchdown
4204,entered
4205,ability
4206,swallowing
4207,fetch
4208,darkness
4209,cleaner
4210,flushing
4211,traveling
4212,shy
4213,bananas
4214,fog
4215,demon
4216,magnificent
4217,launch
4218,leak
4219,bunk
4220,amber
4221,literally
4222,greedy
4223,sloppy
4224,plug
4225,when's
4226,car's
4227,eighth
4228,sample
4229,virgin
4230,technology
4231,nicer
4232,haw-haw
4233,interview
4234,fears
4235,plutonium
4236,bitter
4237,bend
4238,shrieking
4239,framed
4240,impression
4241,settlement
4242,ratings
4243,promises
4244,worn
4245,coaster
4246,behalf
4247,cliff
4248,cord
4249,presentation
4250,pirates
4251,officials
4252,matlock
4253,compete
4254,envy
4255,naturally
4256,tower
4257,propose
4258,cups
4259,marijuana
4260,discipline
4261,revving
4262,raw
4263,saint
4264,drives
4265,mold
4266,praying
4267,hardest
4268,cooler
4269,pedal
4270,uses
4271,christ
4272,hah
4273,baked
4274,senior
4275,syndrome
4276,result
4277,dam
4278,ages
4279,angle
4280,coke
4281,baby-sitter
4282,allowance
4283,comfort
4284,floating
4285,roman
4286,canadian
4287,dice
4288,stonecutters
4289,crackers
4290,kennedy
4291,clip
4292,peaceful
4293,sings
4294,mailman
4295,rip-off
4296,barks
4297,snitch
4298,shout
4299,roars
4300,quest
4301,moleman
4302,troubles
4303,managed
4304,teamwork
4305,woo
4306,lewis
4307,tense
4308,dozen
4309,determine
4310,display
4311,whacking
4312,sam
4313,convinced
4314,squishy
4315,witches
4316,derby
4317,bushes
4318,jungle
4319,terrific
4320,classroom
4321,rv
4322,phones
4323,mom|
4324,coolest
4325,avenge
4326,studies
4327,v
4328,rack
4329,diaper
4330,wally
4331,sissy
4332,homeless
4333,carried
4334,cement
4335,vomit
4336,life's
4337,assignment
4338,spice
4339,toe
4340,nixon
4341,oak
4342,mothers
4343,exhales
4344,tsk
4345,degree
4346,musician
4347,judgment
4348,explore
4349,elected
4350,senator
4351,india
4352,visiting
4353,object
4354,attacked
4355,shakespeare
4356,bribe
4357,mule
4358,lobby
4359,goose
4360,fed
4361,spaceship
4362,alert
4363,patented
4364,zing
4365,bases
4366,et
4367,ordinary
4368,walt
4369,fred
4370,what|
4371,thuds
4372,shark
4373,passing
4374,brandine
4375,danish
4376,cases
4377,disappeared
4378,gunshots
4379,funky
4380,souls
4381,aliens
4382,flew
4383,doh
4384,profits
4385,mostly
4386,scale
4387,outrageous
4388,paste
4389,strip
4390,slurps
4391,president's
4392,abuse
4393,crimes
4394,hid
4395,racing
4396,fry
4397,grammar
4398,kidnapping
4399,je
4400,proper
4401,describe
4402,poster
4403,dumpster
4404,developed
4405,bench
4406,management
4407,humble
4408,shush
4409,effect
4410,fascinating
4411,understood
4412,largest
4413,drivers
4414,daredevil
4415,ruth
4416,depressed
4417,observe
4418,chasing
4419,joan
4420,luxury
4421,reindeer
4422,baking
4423,teen
4424,eliminate
4425,piggy
4426,overweight
4427,gags
4428,constant
4429,desserts
4430,miami
4431,extremely
4432,pep
4433,mock
4434,crossed
4435,ribs
4436,reactor
4437,fights
4438,uniform
4439,fbi
4440,stake
4441,expert
4442,grinding
4443,fully
4444,shalt
4445,positive
4446,crow
4447,pearls
4448,turtle
4449,night's
4450,thudding
4451,sunshine
4452,lamp
4453,bait
4454,combat
4455,swell
4456,raven
4457,hercules
4458,boston
4459,stare
4460,quitting
4461,generations
4462,oi
4463,goorsha
4464,atlanta
4465,cart
4466,whipped
4467,mansion
4468,mechanical
4469,tons
4470,grizzlies
4471,species
4472,ingredient
4473,snickering
4474,directly
4475,scraping
4476,cocks
4477,nebraska
4478,jenny
4479,spoil
4480,imaginary
4481,bartholomew
4482,wolfcastle
4483,catching
4484,spaghetti
4485,invisible
4486,leprechaun
4487,homerj
4488,belts
4489,sprinkle
4490,octopus
4491,protection
4492,rug
4493,barney's
4494,baboon
4495,squawks
4496,recording
4497,dawn
4498,hippo
4499,permit
4500,hike
4501,corporate
4502,uniforms
4503,dismissed
4504,sane
4505,teresa
4506,medium
4507,causing
4508,smiles
4509,equals
4510,upside
4511,agnes
4512,pointless
4513,whisper
4514,weakness
4515,candle
4516,sleeps
4517,popping
4518,hopes
4519,advance
4520,mascot
4521,patrol
4522,answered
4523,sharks
4524,tummy
4525,joey
4526,weakly
4527,shampoo
4528,controversial
4529,yuck
4530,attached
4531,tonic
4532,twenty-five
4533,utility
4534,ovenfresh
4535,ok
4536,lf
4537,institute
4538,dreaming
4539,eternity
4540,ripped
4541,static
4542,moustache
4543,honk
4544,cram
4545,units
4546,tuna
4547,violin
4548,coffin
4549,right|
4550,self-esteem
4551,pipes
4552,carrot
4553,recently
4554,pepper
4555,messages
4556,wrestling
4557,july
4558,ungrateful
4559,hippies
4560,yeah|
4561,relieved
4562,starving
4563,location
4564,requires
4565,zombies
4566,possum
4567,marching
4568,secretary
4569,massive
4570,jeans
4571,orphan
4572,laughed
4573,legendary
4574,coin
4575,rank
4576,cupcake
4577,pets
4578,jolly
4579,exhibit
4580,fort
4581,bony
4582,technical
4583,allison
4584,ouch
4585,client
4586,toxic
4587,mop
4588,cities
4589,squares
4590,printed
4591,dentist
4592,drops
4593,souvenir
4594,correction
4595,sermon
4596,owned
4597,slay
4598,furniture
4599,policeman
4600,lettuce
4601,women's
4602,pace
4603,zinc
4604,studying
4605,goal
4606,goods
4607,creation
4608,shots
4609,struggle
4610,target
4611,edge
4612,balloons
4613,kindly
4614,dwight
4615,hallelujah
4616,penalty
4617,rumors
4618,treats
4619,wacky
4620,roast
4621,highway
4622,bugs
4623,objection
4624,clerk
4625,cigars
4626,safer
4627,elderly
4628,worries
4629,crashes
4630,marge|
4631,criminals
4632,jewel
4633,placed
4634,strategy
4635,listened
4636,minor
4637,peas
4638,speaks
4639,kansas
4640,goir
4641,lard
4642,limbo
4643,wizard
4644,paw
4645,scent
4646,poisoning
4647,kills
4648,dedicate
4649,pointy
4650,grandma's
4651,fountain
4652,astronaut
4653,roy
4654,proceed
4655,fuzzy
4656,dryer
4657,shovel
4658,adventures
4659,landed
4660,batteries
4661,grimes
4662,idol
4663,background
4664,yawning
4665,horny
4666,betting
4667,witty
4668,no|
4669,london
4670,strangle
4671,envelope
4672,restraining
4673,powersauce
4674,trailer
4675,cd
4676,jaw
4677,symphony
4678,coney
4679,struck
4680,volume
4681,boot
4682,gain
4683,covers
4684,farmer
4685,jr
4686,self
4687,whiskey
4688,mac
4689,you|to
4690,suffered
4691,goofy
4692,brother's
4693,hans
4694,reverse
4695,bah
4696,venus
4697,arrive
4698,sunk
4699,genuine
4700,voters
4701,charming
4702,marjorie
4703,germans
4704,lovers
4705,recital
4706,bigfoot
4707,vent
4708,rose
4709,ben
4710,karma
4711,gloria
4712,nasty
4713,animated
4714,snake's
4715,strap
4716,downstairs
4717,zoom
4718,tones
4719,graffiti
4720,entry
4721,ty
4722,jaws
4723,it''
4724,focused
4725,shocking
4726,approve
4727,tender
4728,melted
4729,mutants
4730,vs
4731,plants
4732,pan
4733,protest
4734,presenting
4735,swept
4736,alternative
4737,morons
4738,sadly
4739,spinning
4740,rolls
4741,farts
4742,schemes
4743,despite
4744,occasional
4745,spells
4746,models
4747,tearing
4748,chemicals
4749,sharing
4750,released
4751,barrel
4752,tab
4753,hunter
4754,underground
4755,cowboy
4756,wedded
4757,shiny
4758,connie
4759,hyah
4760,emotional
4761,willie's
4762,aid
4763,sticking
4764,do|
4765,reunion
4766,yogurt
4767,trusted
4768,presence
4769,engaged
4770,wuss
4771,boots
4772,assistance
4773,wound
4774,begging
4775,globe
4776,anchor
4777,include
4778,dye
4779,resumes
4780,tribute
4781,precisely
4782,stan
4783,shady
4784,complicated
4785,sideburns
4786,actors
4787,casual
4788,lunchtime
4789,ease
4790,dee
4791,salesman
4792,bumper
4793,100%
4794,nobel
4795,louie
4796,deck
4797,witnesses
4798,cheek
4799,murderous
4800,imagined
4801,marketing
4802,expired
4803,catfish
4804,objects
4805,mush
4806,sheriff
4807,entertaining
4808,prisoner
4809,monte
4810,tips
4811,korean
4812,disney
4813,constitution
4814,capture
4815,exclusive
4816,teenagers
4817,luke
4818,motorcycle
4819,aim
4820,sleigh
4821,vietnam
4822,images
4823,halftime
4824,allen
4825,guarantee
4826,patrick's
4827,carpet
4828,moist
4829,scientist
4830,lightning
4831,eugene
4832,shattering
4833,joes
4834,dinosaur
4835,profit
4836,clumsy
4837,johnson
4838,added
4839,attorney
4840,refreshing
4841,buns
4842,sprinkles
4843,steamed
4844,hmph
4845,shocked
4846,meaningless
4847,shining
4848,lunches
4849,votes
4850,pledge
4851,caramel
4852,scientists
4853,respected
4854,michigan
4855,exotic
4856,conscience
4857,scum
4858,bulletin
4859,typing
4860,disgrace
4861,snickers
4862,oliver
4863,offering
4864,experiment
4865,pine
4866,dolly
4867,dramatic
4868,oui
4869,feedback
4870,banks
4871,terms
4872,sends
4873,donuts
4874,practical
4875,limit
4876,republican
4877,batter
4878,wishes
4879,throughout
4880,claims
4881,rainier
4882,isolated
4883,weekly
4884,sells
4885,abbey
4886,fold
4887,beware
4888,zombie
4889,mill
4890,assembly
4891,phase
4892,snaps
4893,sizzling
4894,rodeo
4895,sheets
4896,toward
4897,opposed
4898,domestic
4899,frog
4900,firm
4901,myth
4902,supervising
4903,oaf
4904,stepped
4905,puff
4906,rented
4907,riviera
4908,pawn
4909,committed
4910,adopted
4911,crooked
4912,stereo
4913,marks
4914,blamed
4915,cocoa
4916,compared
4917,ribbon
4918,worthy
4919,dimoxinil
4920,destroying
4921,bellowing
4922,dancer
4923,hooray
4924,elbow
4925,concludes
4926,mummy
4927,stairs
4928,corners
4929,shauna
4930,attacks
4931,degrees
4932,shift
4933,denis
4934,drederick
4935,ski
4936,italy
4937,ta
4938,royal
4939,nearby
4940,concern
4941,nancy
4942,leary
4943,yello
4944,authorities
4945,game's
4946,answering
4947,buttocks
4948,w
4949,exception
4950,cracked
4951,stones
4952,coal
4953,mischief
4954,hisses
4955,cawing
4956,eyeballs
4957,broadcasting
4958,weigh
4959,lets
4960,unbelievable
4961,print
4962,waffles
4963,crotch
4964,differences
4965,stupidest
4966,collar
4967,honeybunny
4968,smartest
4969,downloaded
4970,tournament
4971,ten-year-old
4972,slim
4973,slight
4974,honestly
4975,refer
4976,broad
4977,solar
4978,bombardment
4979,connection
4980,grocery
4981,whiz
4982,that'd
4983,inch
4984,officially
4985,determined
4986,proven
4987,whoop-dee-do
4988,ink
4989,discover
4990,pencils
4991,fooled
4992,wooden
4993,stopping
4994,bra
4995,annie
4996,offered
4997,boil
4998,goodman
4999,repay
5000,classical
